Team,Rank,Team,Predicted Scoring,Disability
1,60.0,1.0,56.0,-4.0
3,47.5,3.0,42.5,-5.0
5,5.0,5.0,66.0,61.0
4925,-7.666666666666671,4925.0,58.33333333333333,66.0
4,-11.0,4.0,44.0,55.0
